train_size,accuracy
50,0.6666666666666666
133,0.3333333333333333
216,0.6666666666666666
300,0.3333333333333333
